id,question_id,choice_text,is_correct,created_at
1,1,"Data Science involves exploration, prediction, and inference to draw useful conclusions from large datasets.",true,
2,1,Data Science is mainly concerned with designing websites and user interfaces.,false,
3,1,Data Science primarily focuses on hardware engineering and architecture.,false,
4,1,Data Science involves the creation of new programming languages for software development.,false,
5,2,Exploration in data science is about applying machine learning algorithms to build models.,false,
6,2,Exploration in data science is about collecting new data from various sources.,false,
7,2,Exploration in data science is about identifying patterns in data using visualizations and descriptive statistics.,true,
8,2,Exploration in data science is about cleaning data to remove inconsistencies.,false,
9,3,Prediction is about collecting historical data without applying any analytical models.,false,
10,3,"Prediction involves using known information to make informed guesses about unknown values, often using machine learning and optimization.",true,
11,3,Prediction entails drawing conclusions about data using purely statistical formulas without any prior data.,false,
12,3,Prediction involves directly capturing future events without any underlying data analysis.,false,
13,4,Inference quantifies the size and shape of data clusters in a dataset.,false,
14,4,Inference quantifies the number of variables present in a data model.,false,
15,4,Inference quantifies certainty about whether patterns found in data will also appear in new observations.,true,
16,4,Inference quantifies the exact numerical value of data features in a dataset.,false,
17,5,Statistics replaces the need for machine learning models.,false,
18,5,Statistics is crucial in data science for making robust conclusions based on incomplete information.,true,
19,5,Statistics is used only for organizing large datasets.,false,
20,5,Statistics ensures that all data analyses are error-free.,false,
21,6,Computing ensures that all data science tasks are performed faster than any human could achieve.,false,
22,6,Computing allows data scientists to manage large datasets without any errors.,false,
23,6,Computing is only used in data science for creating visualizations and charts.,false,
24,6,Computing enables the application of analysis techniques.,true,
25,7,Data science primarily deals with video editing and production for multimedia content.,false,
26,7,"Data science involves the analysis of diverse data types, including numbers, text, images, videos, and sensor readings.",true,
27,7,Data science is exclusively focused on text data and language processing.,false,
28,7,Data science only involves analyzing numerical data like statistics and financial figures.,false,
29,8,A key aspect of data science is the application of inferential and computational tools to interpret data.,true,
30,8,A key aspect of data science is collecting data from multiple sources.,false,
31,8,A key aspect of data science is creating visualizations to summarize data trends.,false,
32,8,A key aspect of data science is designing efficient data storage solutions.,false,
33,9,Understanding the domain is primarily needed for programming skills.,false,
34,9,Data scientists must understand the domain they are working in to ask relevant questions about the data.,true,
35,9,Domain knowledge is only necessary for data entry tasks.,false,
36,9,It helps in automating the data analysis process without human intervention.,false,
37,10,Data science includes the creation of new programming languages for data manipulation.,false,
38,10,Data science includes deriving actionable insights through applications.,true,
39,10,Data science is mainly about data entry and simple data management tasks.,false,
40,10,Data science is primarily focused on the storage solutions for large datasets.,false,
41,11,Statistics,false,
42,11,Data engineering,false,
43,11,Data science,true,
44,11,Machine learning,false,
45,12,"Effective data analysis consists of three core aspects: collection, processing, and storage.",false,
46,12,"Effective data analysis consists of three core aspects: hypothesis generation, modeling, and conclusion.",false,
47,12,"Effective data analysis consists of three core aspects: exploration, prediction, and inference.",true,
48,12,"Effective data analysis consists of three core aspects: data cleaning, visualization, and reporting.",false,
49,13,Understanding data science requires knowledge of only data visualization tools.,false,
50,13,Understanding data science requires knowledge of statistical and computational techniques and their application to real-world scenarios.,true,
51,13,Understanding data science requires knowledge of mathematical concepts without computational techniques.,false,
52,13,Understanding data science requires knowledge of only programming languages.,false,
53,14,Data are descriptions of the world that are collected through observations and stored on computers.,true,
54,14,Data are complex algorithms used to solve computational problems.,false,
55,14,Data are computer programs written to process specific tasks.,false,
56,14,Data are systems that manage hardware components of computers.,false,
57,15,A consistent approach to web development involves combining user interface design with server-side programming.,false,
58,15,A consistent approach to programming efficiency involves introducing software design patterns alongside statistical analysis.,false,
59,15,A consistent approach to data analysis involves introducing statistical ideas alongside fundamental computer science concepts.,true,
60,15,A consistent approach to artificial intelligence involves understanding neural networks alongside machine learning algorithms.,false,
61,16,Data science primarily focuses on creating visualizations to interpret data.,false,
62,16,Data science involves only using machine learning algorithms to make predictions.,false,
63,16,Data science involves solely relying on big data sets to make conclusions.,false,
64,16,Data science involves making reliable conclusions using incomplete information by combining computation with randomization.,true,
65,17,"Computation in data science simplifies data sets by ignoring outliers, which helps in drawing conclusions quickly.",false,
66,17,"Computation in data science focuses on theoretical models rather than actual data trends, aiding in hypothesis generation.",false,
67,17,"Computation in data science allows us to use all available data to draw more comprehensive conclusions, such as analyzing a full range of temperatures to understand climate trends.",true,
68,17,"Computation in data science helps by predicting future data points based solely on historical averages, providing a simplified conclusion.",false,
69,18,"Randomization helps in data science by allowing the consideration of multiple possible scenarios that align with partial data, aiding in making informed predictions.",true,
70,18,"Randomization ensures data is always distributed normally, which simplifies analysis.",false,
71,18,Randomization allows for the collection of data without any noise or errors.,false,
72,18,Randomization eliminates all biases in data without additional methods.,false,
73,19,Using randomness suggests that all incomplete information should be disregarded as insignificant.,false,
74,19,Using randomness involves replacing missing data with the most common value found in the dataset.,false,
75,19,"Using randomness means imagining different ways incomplete information might be completed, rather than making assumptions on specific data variations.",true,
76,19,Using randomness means ignoring incomplete information and proceeding with the available data.,false,
77,20,A nuanced analysis in data science involves ignoring outliers to simplify data interpretation.,false,
78,20,"A nuanced analysis in data science involves looking beyond simple averages, considering a broader range of data to make more nuanced insights.",true,
79,20,A nuanced analysis in data science involves focusing solely on the median without context.,false,
80,20,A nuanced analysis in data science involves using only simple averages for conclusive results.,false,
81,21,Data visualization and machine learning are fundamental to comprehending and processing data in science.,false,
82,21,Linear regression and data mining are the main approaches used in data science for data processing.,false,
83,21,Computational and inferential thinking are foundational concepts in data science that help in understanding and processing data.,true,
84,21,Statistical and qualitative analysis are key concepts in data science that aid in data interpretation.,false,
85,22,Data visualization allows data scientists to make predictions and conclusions about broader populations from sample data.,false,
86,22,Descriptive analysis allows data scientists to make predictions and conclusions about broader populations from sample data.,false,
87,22,Inferential thinking allows data scientists to make predictions and conclusions about broader populations from sample data.,true,
88,22,Exploratory data analysis allows data scientists to make predictions and conclusions about broader populations from sample data.,false,
89,23,Computational thinking involves creating graphic designs and user interfaces.,false,
90,23,Computational thinking involves writing computer code and debugging software applications.,false,
91,23,Computational thinking involves designing hardware components and computer networks.,false,
92,23,"Computational thinking involves utilizing algorithms, automating processes, and managing data to solve problems.",true,
93,24,Python 3 is mainly used for creating and managing operating systems.,false,
94,24,"Python 3 is widely used in commercial applications, scientific experiments, and open-source projects due to its numerical and data visualization tools.",true,
95,24,Python 3 is the only language supported by all modern web browsers.,false,
96,24,Python 3 is preferred for its low-level programming capabilities and hardware interaction.,false,
97,25,"Python requires very little memory, making it ideal for small embedded systems.",false,
98,25,Learning Python connects you to a large community of software developers and data scientists.,true,
99,25,Python is a low-level programming language ideal for hardware design.,false,
100,25,Python compilation leads to significantly faster processing speeds compared to other languages.,false,
101,26,Python programs require specific hardware configurations to run smoothly.,false,
102,26,Python can only be executed on Unix-based systems.,false,
103,26,Python programs must be compiled separately for each operating system.,false,
104,26,"A Python program can be executed on any computer, regardless of its manufacturer or operating system.",true,
105,27,"Anaconda is a recommended distribution for installing Python 3 and its libraries, which includes the IPython libraries and the Jupyter notebook environment.",true,
106,27,Anaconda is best suited for installing operating systems on new computers.,false,
107,27,Anaconda is recommended for web development and creating complex animations.,false,
108,27,Anaconda is primarily used for data encryption and creating secure passwords.,false,
109,28,Using Anaconda ensures you have the necessary Python environment to follow along with the lesson content.,true,
110,28,Using Anaconda grants access to exclusive articles.,false,
111,28,Using Anaconda provides additional discounts on software purchases.,false,
112,28,Using Anaconda speeds up your internet connection.,false,
113,29,Statistics supplies unrelated terms to discuss independent facts.,false,
114,29,Statistics offers a changing vocabulary to depict events in isolation.,false,
115,29,Statistics provides a complex language to confuse results with hypotheses.,false,
116,29,Statistics provides a consistent vocabulary to describe relationships between observations and conclusions.,true,
117,30,Data science primarily focuses on theoretical statistics without practical applications.,false,
118,30,"Data science extends statistics by incorporating computing, data visualization, and machine learning.",true,
119,30,Data science relies solely on traditional statistical methods without using new technologies.,false,
120,30,Data science merely duplicates the tasks performed by statisticians without adding new techniques.,false,
121,31,"Exploring datasets, measuring variance, and computing medians.",false,
122,31,"Calculating averages, summarizing data, and visualizing graphs.",false,
123,31,"Solving equations, determining probabilities, and finding derivatives.",false,
124,31,"Hypothesis testing, estimating confidence, and predicting unknown quantities are core tasks in statistics.",true,
125,32,Data science enables the visualization of small data samples with limited resources.,false,
126,32,Data science limits the amount of data that can be analyzed at once.,false,
127,32,Data science allows the analysis of vast datasets using fast computers and the Internet.,true,
128,32,Data science provides a way to store data without analysis.,false,
129,33,Both fields primarily work on creating complex mathematical models for theoretical use.,false,
130,33,"Statistics focuses on drawing conclusions from complete datasets, while data science predicts future trends.",false,
131,33,Both statistics and data science aim to draw robust conclusions from incomplete information.,true,
132,33,Statistics and data science aim to store large amounts of data efficiently.,false,
133,34,Real data sets always provide complete information required for comprehensive analysis.,false,
134,34,"Real data sets typically contain only numerical data, simplifying analysis.",false,
135,34,"Real data sets don't always follow regular patterns or match standard equations, making them complex to analyze with basic statistical summaries.",true,
136,34,"Real data sets are usually small in size, making them manageable with basic summaries.",false,
137,35,It provides a comprehensive understanding of all underlying patterns in the data.,false,
138,35,It ensures that all important details are captured and nothing is overlooked.,false,
139,35,Focusing too much on simplistic summaries like average values can lead to losing interesting variations present in real data.,true,
140,35,It highlights all possible exceptions and anomalies in the dataset.,false,
141,36,Resampling methods involve using linear regression models to fit data.,false,
142,36,"Resampling methods are a family of techniques in statistics that are flexible, require few assumptions, and are suited to a wide range of inference problems.",true,
143,36,Resampling methods are statistical techniques primarily used for designing surveys.,false,
144,36,Resampling methods are used to gather data from new experiments without affecting the original dataset.,false,
145,37,"Though often reserved for advanced statistics courses, resampling methods are suitable for data science applications due to their flexibility and simplicity.",true,
146,37,Resampling methods are only suitable for applications involving large-scale datasets.,false,
147,37,Resampling methods are mainly used to improve computational efficiency and speed.,false,
148,37,These methods are primarily used because they guarantee higher accuracy than traditional methods.,false,
149,38,The availability of large datasets simplifies statistical analysis without requiring advanced techniques.,false,
150,38,"Real data's complexity is a motivation for the use of statistical techniques described in the text, which aim to capture interesting variations beyond basic summaries.",true,
151,38,Statistical techniques are only necessary for data that is not real or authentic.,false,
152,38,Basic summaries are often more informative than detailed statistical techniques.,false,
153,39,Data science increases uncertainty by focusing only on historical data without real-time updates.,false,
154,39,Data science eliminates uncertainty entirely through its predictive models.,false,
155,39,Data science reduces uncertainty in decision-making by leveraging large data sets and computational tools.,true,
156,39,"Data science relies solely on human intuition, which can be biased and subjective.",false,
157,40,"Woodworking, textile production, and weaving",false,
158,40,"Oil and gas exploration, coal mining, and quarrying",false,
159,40,"Agriculture, forestry, fishing, and hunting",false,
160,40,"Finance, advertising, manufacturing, and real estate",true,
161,41,Academic disciplines are incorporating ancient art techniques into their theory and practice.,false,
162,41,Academic disciplines are incorporating meditation practices into their theory and practice.,false,
163,41,Academic disciplines are incorporating traditional storytelling methods into their theory and practice.,false,
164,41,Academic disciplines are incorporating large-scale data analysis into their theory and practice.,true,
165,42,"Studying data science enables individuals to apply data analysis techniques to work, scientific endeavors, and personal decisions.",true,
166,42,Studying data science enables individuals to exclusively work in academia.,false,
167,42,Studying data science allows individuals to learn programming languages effortlessly without practice.,false,
168,42,Studying data science guarantees a high-paying job immediately after graduation.,false,
169,43,Data support makes any argument automatically valid.,false,
170,43,Critical analysis is more impressive when it includes numbers.,false,
171,43,A critical analysis supported by data is more effective than critiques without data support.,true,
172,43,Data always guarantees the most popular opinion is taken into account.,false,
173,44,"Inductive reasoning involves drawing conclusions that can be supported but not proven outright, which is common in fields like business and social science.",true,
174,44,"Inductive reasoning involves forming hypotheses that are universally true, typically used in pure mathematics.",false,
175,44,"Inductive reasoning is about deriving strict proof from mathematical premises, often used in theoretical physics.",false,
176,44,"Inductive reasoning is the process of starting with a conclusion and then finding evidence to support it, frequently used in creative writing.",false,
177,45,Data science limits the ability to analyze large sets of observations.,false,
178,45,Data science enables only qualitative assessments without precise measurements.,false,
179,45,"Data science enables precise, reliable, and quantitative analysis of observations.",true,
180,45,Data science automatically generates hypotheses without human input.,false,
181,46,They help in memorizing facts quickly.,false,
182,46,Inferential techniques are mainly used for entertainment purposes.,false,
183,46,Inferential techniques are only essential for physical science experiments.,false,
184,46,Effective inferential techniques are essential for critical thinking about any measurable aspect of the world.,true,
185,47,Reasoning about data is only relevant to careers in data science.,false,
186,47,"It is important for all educated members of society to develop the ability to reason about data, not just specialists.",true,
187,47,Data reasoning should be left to technology and computers.,false,
188,47,Understanding data is only necessary for statisticians and researchers.,false,
189,48,"Tools, techniques, and datasets for data science are readily available and can be made accessible to everyone.",true,
190,48,"Datasets for data science are often costly to access, making them less accessible.",false,
191,48,Techniques for data science necessitate proprietary software available only to institutions.,false,
192,48,"Tools for data science require specialized access permissions, limiting general accessibility.",false,
193,49,Python can be used to transcribe audiobooks into text format.,false,
194,49,Python can be used to load texts of public domain books from the web for analysis.,true,
195,49,Python can translate public domain books into multiple languages automatically.,false,
196,49,Python can create animated stories based on public domain books.,false,
197,50,"In the example, the text of 'The Adventures of Huckleberry Finn' and 'Little Women' are divided into lists of chapters.",true,
198,50,"In the example, each book is summarized into a single paragraph.",false,
199,50,"In the example, the books are organized alphabetically by author.",false,
200,50,"In the example, the books are categorized by publication date.",false,
201,51,Underscore,true,
202,51,Colon,false,
203,51,Hyphen,false,
204,51,Period,false,
205,52,//,false,
206,52,#,true,
207,52,!,false,
208,52,/*,false,
209,53,"A URL, or unified resource library, is a database for web documents.",false,
210,53,"A URL, or user resource list, is a tool for storing bookmarks and history.",false,
211,53,"A URL, or universal resource link, is a network protocol for sharing resources.",false,
212,53,"A URL, or uniform resource locator, is an Internet address for some content.",true,
213,54,"The text structure of a book can show insights, such as how each chapter begins.",true,
214,54,The text structure of a book reveals the author's biography.,false,
215,54,The text structure of a book can determine the font size used in the text.,false,
216,54,The text structure of a book primarily determines the cover design.,false,
217,55,"The conversion to uppercase involves changing all vowels in a word to their capital form, such as converting 'pter' to 'ptEr'.",false,
218,55,"The conversion to uppercase involves changing the first letter of each word to its capital form, such as converting 'pter pter' to 'Pter Pter'.",false,
219,55,"The conversion to uppercase involves reversing the order of all letters in the word, such as converting 'pter' to 'retp'.",false,
220,55,"The conversion to uppercase involves changing all letters in a word to their capital form, such as converting 'pter' to 'PTER'.",true,
221,56,The term 'uppercase' means letters are italicized for stylistic purposes.,false,
222,56,The term 'uppercase' means letters are written in a smaller size.,false,
223,56,"The term 'uppercase' means that letters are capitalized, typically used to emphasize or differentiate text.",true,
224,56,The term 'uppercase' means letters are underlined for emphasis.,false,
225,57,Uppercase conversion is a method to increase the execution speed of programs by optimizing string operations.,false,
226,57,"Uppercase conversion is important in programming for cases where text uniformity is required, such as standardizing input.",true,
227,57,Uppercase conversion is primarily used to improve the readability of code comments in programming.,false,
228,57,Uppercase conversion helps in compressing data files by reducing character storage size.,false,
229,58,"In data analysis, graphs can be made based on the relationships between different quantities.",false,
230,58,"In data analysis, drawings can be made based on the relationships between different quantities.",false,
231,58,"In data analysis, predictions can be made based on the relationships between different quantities.",true,
232,58,"In data analysis, charts can be made based on the relationships between different quantities.",false,
233,59,Only one source of information should be used for predictions.,false,
234,59,Combining multiple sources of information always leads to complete certainty.,false,
235,59,Each source needs to be accurate to have any predictive power.,false,
236,59,"To make accurate predictions, it is possible to combine multiple sources of information, even if each source is uncertain.",true,
237,60,"In the context of text analysis, 'character' can refer to any printed symbol such as a letter, number, or punctuation mark.",true,
238,60,"In the context of text analysis, 'character' can refer to a main figure in a story or narrative.",false,
239,60,"In the context of text analysis, 'character' refers specifically to letters and excludes numbers and symbols.",false,
240,60,"In the context of text analysis, 'character' refers to the word count in a document.",false,
241,61,"Computers can efficiently count characters and punctuation in texts, which would be time-consuming to do manually.",true,
242,61,Computers can efficiently count the number of different colors used in illustrations within texts.,false,
243,61,Computers can efficiently count the types of paper used for printing.,false,
244,61,Computers can efficiently count the number of unique fonts used in the text.,false,
245,62,Visualizing data from multiple sources can help simplify the combination of information and support decision-making.,true,
246,62,Data visualization ensures decisions are always correct.,false,
247,62,Visualizing data removes the need for any data analysis.,false,
248,62,Visualizing data allows decision-makers to ignore outliers.,false,
249,63,"The number of periods in a chapter is always constant, regardless of length.",false,
250,63,The number of periods in a chapter generally correlates with the chapter's length; shorter chapters tend to have fewer periods.,true,
251,63,Longer chapters often contain fewer periods than shorter ones.,false,
252,63,The number of periods does not relate to the chapter's length at all.,false,
253,64,The popularity of the book,false,
254,64,Differences between books,true,
255,64,The historical period of the book,false,
256,64,The main theme of the book,false,
257,65,"Despite the general correlation between chapter length and number of periods, sentences vary in length and punctuation, affecting predictability.",true,
258,65,The correlation is unpredictable due to random chapter topics.,false,
259,65,The predictability is affected solely by the author's writing style.,false,
260,65,Predictability is influenced by the chapter's title length rather than the content.,false,
261,66,"In visual data comparison, different colored dots are used to highlight outliers in data sets.",false,
262,66,"In visual data comparison, different colored dots can represent data from distinct sources, such as different books.",true,
263,66,"In visual data comparison, different colored dots represent the same data at different time intervals.",false,
264,66,"In visual data comparison, different colored dots indicate the importance level of data points.",false,
265,67,An observational study is a theoretical framework used to predict future outcomes.,false,
266,67,An observational study requires researchers to manipulate variables to observe outcomes.,false,
267,67,An observational study involves conducting experiments to test hypotheses.,false,
268,67,An observational study involves making conclusions based on data observed without the researchers influencing the process that generates the data.,true,
269,68,Causality is about measuring correlation between unrelated events.,false,
270,68,Causality is about establishing a cause-and-effect relationship between variables.,true,
271,68,Causality is about identifying the existence of random chance in outcomes.,false,
272,68,Causality is about listing all possible outcomes in a given system.,false,
273,69,Assigning a cause to an effect involves understanding the relationship between variables through careful data analysis.,true,
274,69,Assigning a cause to an effect involves checking the effects of unrelated variables.,false,
275,69,Assigning a cause to an effect involves simply guessing based on intuition.,false,
276,69,Assigning a cause to an effect means observing random correlations and assuming causation.,false,
277,70,Observational studies are cost-effective and easy to replicate in any situation.,false,
278,70,Observational studies always produce more accurate results than experiments.,false,
279,70,Observational studies are crucial in situations where controlled experiments are not feasible or ethical.,true,
280,70,"Observational studies require less time and fewer resources, making them ideal in all cases.",false,
281,71,Observation allows scientists to prove theories without any data.,false,
282,71,Observation is a foundational element because it helps researchers avoid forming hypotheses.,false,
283,71,Observation primarily serves to support existing beliefs without question.,false,
284,71,"Observation is a foundational element of good scientific practice, as it allows researchers to gather data and infer conclusions.",true,
285,72,"In an observational study, individuals can be entities other than people, such as states.",true,
286,72,"In an observational study, individuals can only be animals.",false,
287,72,"In an observational study, individuals can only be organizations.",false,
288,72,"In an observational study, individuals can only be geographical regions.",false,
289,73,A treatment in a study is the random selection of study participants.,false,
290,73,A treatment in a study is the observation of participants without any intervention.,false,
291,73,A treatment in a study is an intervention or variable that is applied to the individuals.,true,
292,73,A treatment in a study is a placebo given to the control group.,false,
293,74,An association between treatment and outcome suggests that the treatment has no effect whatsoever.,false,
294,74,"An association between treatment and outcome indicates a relationship, but does not necessarily mean causation.",true,
295,74,An association between treatment and outcome proves a direct cause-effect relationship.,false,
296,74,An association between treatment and outcome guarantees that all outcomes will be consistent.,false,
297,75,Causality implies that the study was conducted ethically.,false,
298,75,Causality implies that the findings of a study can be generalized to all populations.,false,
299,75,Causality implies that there is a correlation between variables.,false,
300,75,Causality implies that the treatment is responsible for the occurrence of the outcome.,true,
301,76,"In a study examining if the death penalty serves as a deterrent, individual citizens can serve as individuals, with their opinions as outcomes.",false,
302,76,"In a study examining if the death penalty serves as a deterrent, different countries can serve as individuals, with international crime rates as outcomes.",false,
303,76,"In a study examining if the death penalty serves as a deterrent, the 50 states can serve as individuals, with state murder rates as outcomes.",true,
304,76,"In a study examining if the death penalty serves as a deterrent, law enforcement agencies can serve as individuals, with crime reporting rates as outcomes.",false,
305,77,The establishment of causality in scientific studies usually involves two stages: observing an association and then conducting a more careful analysis to determine if causation is present.,true,
306,77,It involves forming a hypothesis with no need for further testing.,false,
307,77,Establishing causality involves conducting only qualitative research.,false,
308,77,Causality is established by repeating experiments without any initial observations.,false,
309,78,"Another distinction is between qualitative and quantitative data, which refers to non-numeric and numeric data types, respectively.",false,
310,78,"One key distinction is between correlation and regression, which both describe linear relationships but are used in different contexts.",false,
311,78,"One of the key distinctions in scientific analysis is between association and causation, where association indicates a relationship, but not necessarily that one variable causes changes in another.",true,
312,78,"A key distinction involves differentiating between dependent and independent variables, identifying which one affects the other.",false,
313,79,Determining causality only requires a strong correlation between variables.,false,
314,79,Determining causality requires a detailed literature review of existing studies.,false,
315,79,Determining causality requires more than observing a simple association; it involves rigorous analysis to confirm that one factor directly affects another.,true,
316,79,Determining causality involves determining the chronological order of events.,false,
317,80,Simply observing the association multiple times will establish causality.,false,
318,80,"If two variables change in the same direction, causality is confirmed.",false,
319,80,Causality can be established if the association appears in other studies.,false,
320,80,Observing an association is only the first step in establishing causality; further detailed investigation is necessary to reach conclusions about cause and effect.,true,
321,81,Comparable groups help in reducing the overall cost of experimentation by sharing resources.,false,
322,81,Having comparable groups ensures that the sample size is large enough for statistical significance.,false,
323,81,"In establishing causality, it is important to have a treatment group and a control group that are comparable except for the treatment being analyzed.",true,
324,81,"It ensures that both groups receive the treatment, allowing for a comprehensive study.",false,
325,82,"The control group is the one that is modified, while the treatment group remains unchanged.",false,
326,82,"The treatment group refers to the group that receives the specific treatment or condition being studied, while the control group does not.",true,
327,82,"The treatment group is observed in a natural setting, whereas the control group is observed in a controlled environment.",false,
328,82,Both the treatment and control groups receive the experimental treatment but at different times.,false,
329,83,It guarantees that each group will respond similarly to the treatment.,false,
330,83,It ensures that the study results can be generalized to different populations easily.,false,
331,83,It allows researchers to conduct the study with fewer participants while maintaining accuracy.,false,
332,83,Comparability between groups in an experimental study allows researchers to attribute differences in outcomes specifically to the treatment variable.,true,
333,84,Differing significantly can lead to an increased probability of bias overestimating variability between groups.,false,
334,84,"Large differences often result in a lower response rate from participants, making conclusions less reliable.",false,
335,84,"If treatment and control groups differ in multiple ways, it can be challenging to determine the specific cause of observed differences in outcomes.",true,
336,84,Any significant difference can result in the need for more advanced statistical methods to ensure randomization.,false,
337,85,A confounding factor is an obvious external variable that is equally distributed across all groups.,false,
338,85,"In observational studies, a confounding factor is an underlying difference between treatment and control groups that can make it difficult to determine causality.",true,
339,85,A confounding factor is a variable that always enhances the effect of the treatment.,false,
340,85,A confounding factor is a secondary effect seen only in controlled experiments.,false,
341,86,A confounding factor guarantees the accuracy of data collected in an observational study.,false,
342,86,A confounding factor can completely negate the need for statistical analysis in an observational study.,false,
343,86,A confounding factor allows for direct cause-and-effect conclusions in an observational study.,false,
344,86,A confounding factor can confound or mess up the interpretation of results in an observational study.,true,
345,87,Confounding factors are variables that can lead to a false association between a studied variable and an outcome.,true,
346,87,Confounding factors are the main variables being tested in an experiment.,false,
347,87,Confounding factors are primary outcomes that are directly related to the variable being studied.,false,
348,87,Confounding factors are random errors that occur during data collection in a study.,false,
349,88,"Observational studies lack a control group, making them unreliable.",false,
350,88,"Observational studies are prone to confounding factors, which can mislead conclusions if not properly accounted for.",true,
351,88,"Observational studies are often too short in duration, affecting data reliability.",false,
352,88,Observational studies use small sample sizes leading to inaccurate results.,false,
353,89,Good observational studies ensure accuracy by always using double-blind procedures.,false,
354,89,Good observational studies avoid using any form of adjustment to maintain original data integrity.,false,
355,89,Good observational studies make efforts to identify and adjust for confounding factors to ensure accurate results.,true,
356,89,Good observational studies rely solely on large sample sizes to ensure accuracy.,false,
357,90,Randomization is used to maximize variability among participants in each group.,false,
358,90,Randomization is used to select individuals in order of their arrival to the study.,false,
359,90,Randomization is used to allocate participants based on their personal preferences.,false,
360,90,"Randomization is used to assign individuals to treatment and control groups to avoid confounding, ensuring the groups are similar except for the treatment.",true,
361,91,A study that depends solely on historical data to draw conclusions about treatment effectiveness.,false,
362,91,"An observational study where no intervention is applied, but participants are grouped based on existing factors.",false,
363,91,A study where both the participants and the researchers know which treatment each participant is receiving.,false,
364,91,"A randomized controlled experiment, also known as a randomized controlled trial (RCT), is conducted by randomizing individuals into treatment and control groups.",true,
365,92,"In a blind experiment, the results are not shared with participants to maintain confidentiality.",false,
366,92,A blind experiment ensures that the researchers do not know the identity of participants to prevent bias.,false,
367,92,A blind experiment is where all data collection occurs without any oversight to minimize costs.,false,
368,92,"In a blind experiment, individuals do not know whether they are in the treatment or control group to prevent their responses from being influenced by this knowledge.",true,
369,93,A placebo is used in control groups during blind experiments to mimic the treatment without providing any actual effect.,true,
370,93,A placebo enhances the effect of the actual treatment to ensure better results.,false,
371,93,A placebo accelerates the onset of the experimental treatment's effects.,false,
372,93,A placebo is used to identify subjects with pre-existing immunity to the treatment.,false,
373,94,RCTs are being increasingly used in astronomy to discover new celestial phenomena.,false,
374,94,"RCTs are being increasingly used in fields other than medicine, such as economics, to test the efficacy of programs and interventions.",true,
375,94,RCTs are being increasingly used in culinary arts to test new recipes for restaurants.,false,
376,94,RCTs are being increasingly used in architecture to evaluate structural designs.,false,
377,95,Randomization provides a systematic error margin allowing identification of confounding variables.,false,
378,95,Randomization allows researchers to select specific participants to control for confounding variables.,false,
379,95,Randomization eliminates confounding factors by ensuring that each group in an experiment is statistically similar at the start.,true,
380,95,Randomization ensures that the sample size is large enough to identify all potential confounding factors.,false,
381,96,"The control group in an experiment is the group that does not receive the treatment, allowing for comparison with the treatment group.",true,
382,96,The control group is the group that is given the main treatment to study its effects.,false,
383,96,The control group receives a placebo treatment to assess the psychological impact of taking part in the study.,false,
384,96,The control group receives a different treatment from the experimental groups to test multiple variables.,false,
385,97,"A 'natural experiment' involves an observational study where subjects are divided into groups without their choice, unlike true randomization which requires precise probabilistic methods.",true,
386,97,"A 'natural experiment' relies on laboratory settings to simulate conditions, unlike true randomization which is field-based.",false,
387,97,"A 'natural experiment' ensures controlled environments, while true randomization is inherently uncontrolled.",false,
388,97,"A 'natural experiment' uses voluntary participation, while true randomization mandates compulsory involvement.",false,
389,98,True randomization involves selecting groups based on researcher intuition.,false,
390,98,True randomization requires that groups share the same demographic characteristics.,false,
391,98,"True randomization requires carefully defined probabilistic steps to ensure the treatment and control groups are formed by chance, not choice.",true,
392,98,True randomization requires groups to have an equal number of participants.,false,
393,99,Randomization methods can vary in complexity from simple techniques like coin tossing to more complex algorithms.,true,
394,99,Randomization methods vary but are mostly based on deterministic processes.,false,
395,99,All randomization methods involve complex algorithms.,false,
396,99,Randomization methods are only based on simple coin tossing.,false,
397,100,"Carrying out randomization carefully is crucial, as it enables mathematical accounting for differences between treatment and control groups.",true,
398,100,Carrying out randomization carefully is crucial to reduce the study's overall cost.,false,
399,100,Carrying out randomization carefully is crucial to increase the sample size.,false,
400,100,Carrying out randomization carefully is crucial to ensure the study is conducted ethically.,false,
401,101,"The purpose of randomization in experiments is to ensure neither the participants' choice nor the researcher’s bias affects the group assignment, thus maintaining objectivity.",true,
402,101,The purpose of randomization is to ensure that every participant receives the same treatment.,false,
403,101,Randomization is used to increase the sample size of an experiment.,false,
404,101,Randomization ensures that the results are statistically significant by manipulating the variables.,false,
405,102,"Randomized controlled experiments allow us to make precise mathematical statements about differences between treatment and control groups, helping to draw justifiable conclusions about causal effects.",true,
406,102,"Case studies allow us to make precise mathematical statements about differences between treatment and control groups, helping to draw justifiable conclusions about causal effects.",false,
407,102,"Survey data allow us to make precise mathematical statements about differences between treatment and control groups, helping to draw justifiable conclusions about causal effects.",false,
408,102,"Observational studies allow us to make precise mathematical statements about differences between treatment and control groups, helping to draw justifiable conclusions about causal effects.",false,
409,103,Case control studies,false,
410,103,Observational studies,true,
411,103,Experimental studies,false,
412,103,Longitudinal studies,false,
413,104,Using advanced statistical software is crucial for making precise and justifiable conclusions about the effects of treatments.,false,
414,104,Randomization in experiments is crucial for making precise and justifiable conclusions about the effects of treatments.,true,
415,104,Increasing sample size is crucial for making precise and justifiable conclusions about the effects of treatments.,false,
416,104,Publishing results in reputable journals is crucial for making precise and justifiable conclusions about the effects of treatments.,false,
417,105,Extraneous variables that are always identical in every sample.,false,
418,105,Normative factors that are irrelevant to the study results.,false,
419,105,"Confounding factors are variables that can affect the outcome of an observational study, complicating the interpretation of results.",true,
420,105,Independent variables unaffected by other parameters in the study.,false,
421,106,"To establish causality, observational studies are the best option.",false,
422,106,"To establish causality, it is recommended to conduct a survey study.",false,
423,106,"To establish causality, using expert opinion is recommended.",false,
424,106,"To establish causality, a randomized controlled experiment is recommended if possible.",true,
425,107,"In observational studies, it is possible to establish both correlation and causation easily.",false,
426,107,"In observational studies, it is hard to establish any form of scientific relationship.",false,
427,107,"In observational studies, it is possible to establish association but harder to establish causation.",true,
428,107,"In observational studies, it is possible to establish causation but harder to establish correlation.",false,
429,108,Confounding factors,true,
430,108,The type of statistical test used,false,
431,108,The length of the study period,false,
432,108,The sample size of the study,false,
433,109,A randomized controlled experiment is a method designed to explore correlation between unrelated variables by controlling variables.,false,
434,109,A randomized controlled experiment is a method used to collect descriptive data about a population by controlling variables.,false,
435,109,A randomized controlled experiment is a method designed to establish cause-and-effect relationships by controlling variables.,true,
436,109,A randomized controlled experiment is a method to evaluate the historical context of events by controlling variables.,false,
437,110,Causation and association are interchangeable terms in research.,false,
438,110,Association does not imply causation in research.,true,
439,110,Association usually implies causation in most research scenarios.,false,
440,110,Association is always an indication of causation in research.,false,
441,111,Coding in Python inherently restricts data analysis to predefined operations only.,false,
442,111,Programming in Python facilitates data visualization but limits data analysis capabilities.,false,
443,111,"Programming in Python allows for enhanced data collection and analysis, leading to potential discoveries through careful reasoning.",true,
444,111,Python's programming primarily focuses on simplistic data handling without advanced analysis features.,false,
445,112,Programs are written to randomly generate error messages.,false,
446,112,Programs are written to decorate computer interfaces.,false,
447,112,Programs are written to increase computer power consumption.,false,
448,112,Programs are written to instruct computers to perform specific steps in data analysis.,true,
449,113,Computers rely on emotional understanding from humans to analyze data effectively.,false,
450,113,Computers need to operate independently without any instructions from humans.,false,
451,113,Computers require precise instructions from humans to collect and analyze data effectively.,true,
452,113,Computers require random inputs from humans to process data.,false,
453,114,Fine-tuning data analysis steps ensures that only relevant data is collected in programming tasks.,false,
454,114,It is important because data analysis helps in reducing programming errors and bugs.,false,
455,114,Articulating the exact steps allows programmers to analyze data more creatively.,false,
456,114,"People need to articulate the exact steps for data analysis when programming, as computers do not have the ability to study the world independently.",true,
457,115,"Programming languages have rules of grammar that must be followed, similar to human languages.",true,
458,115,Programming languages have user interfaces that need customization.,false,
459,115,Programming languages have vocabulary libraries that need constant updates.,false,
460,115,Programming languages have unique design patterns specific to each language.,false,
461,116,Expressions in programming languages describe the syntax rules for declaring variables.,false,
462,116,Expressions in programming languages describe how to combine pieces of data for the computer to evaluate.,true,
463,116,Expressions in programming languages describe how functions interact with memory.,false,
464,116,Expressions in programming languages describe the user interface layout for applications.,false,
465,117,"The Python programming language uses symbols, such as '#', to perform operations like multiplication in expressions.",false,
466,117,"The Python programming language uses symbols, such as '*', to perform operations like multiplication in expressions.",true,
467,117,"The Python programming language uses symbols, such as '&', to perform operations like multiplication in expressions.",false,
468,117,"The Python programming language uses symbols, such as '%', to perform operations like multiplication in expressions.",false,
469,118,Keywords like 'def',false,
470,118,Operators like '*',true,
471,118,Variable names,false,
472,118,String literals,false,
473,119,The computer displays an error message.,false,
474,119,The computer shows a random number each time.,false,
475,119,"The evaluated result of an expression, such as 3 * 4, is displayed by the computer, for example, 12 in this case.",true,
476,119,"The original expression, 3 * 4, is shown with no evaluation.",false,
477,120,A SyntaxError in programming occurs when a program runs out of memory.,false,
478,120,A SyntaxError in programming indicates a problem with program logic.,false,
479,120,A SyntaxError in programming indicates that an expression structure has violated the language's grammar rules.,true,
480,120,A SyntaxError in programming signals the use of an undeclared variable.,false,
481,121,"In Python, operators are functions that define how classes behave.",false,
482,121,"In Python, operators are data types used to store complex numbers.",false,
483,121,"In Python, operators are symbols that specify operations to be performed on operands, such as addition or multiplication.",true,
484,121,"In Python, operators are methods that can be called to manipulate lists.",false,
485,122,Operators are primarily used to compile code into machine language in programming languages.,false,
486,122,"Operators are used in programming languages to perform arithmetic on numerical values, such as adding or exponentiating numbers.",true,
487,122,Operators are used to define variables and assign data types in programming languages.,false,
488,122,Operators in programming languages are used to create graphical user interfaces.,false,
489,123,An expression is well-formed if it is optimized for performance and speed.,false,
490,123,An expression is well-formed if it contains all necessary variables and data types.,false,
491,123,"An expression in programming is well-formed if it adheres to the syntax rules of the language, ensuring it can be correctly interpreted.",true,
492,123,An expression is well-formed if it performs the desired operation efficiently.,false,
493,124,"Addition in Python is performed using the '*' operator, which multiplies two numbers.",false,
494,124,"Addition in Python is performed using the '-' operator, which subtracts one number from another.",false,
495,124,"Addition in Python is performed using the '=' operator, which assigns values.",false,
496,124,"Addition in Python is performed using the '+' operator, which sums two numbers together.",true,
497,125,Python evaluates operators from left to right regardless of their mathematical hierarchy.,false,
498,125,"Python uses operator precedence, similar to algebra, where multiplication and division occur before addition and subtraction.",true,
499,125,"In Python, addition and subtraction are performed before multiplication and division unless parentheses are used.",false,
500,125,Operators in Python are executed in the order they appear without any precedence rules.,false,
501,126,The '%' operator in Python is used to divide two numbers and provide the quotient.,false,
502,126,The '%' operator in Python is used to concatenate strings.,false,
503,126,The '%' operator in Python is used to perform exponentiation.,false,
504,126,The '%' operator in Python is used to find the remainder of the division between two numbers.,true,
505,127,Parentheses serve as delimiters for strings in Python.,false,
506,127,"In Python, parentheses can be used to group expressions, allowing you to control the order of operations.",true,
507,127,Parentheses in Python are primarily used for creating tuples.,false,
508,127,"In Python, parentheses are used exclusively for function calls.",false,
509,128,"Exponentiation in Python is performed using the 'pow' operator, which raises a number to the power of another number.",false,
510,128,"Exponentiation in Python is performed using the '^' operator, which raises a number to the power of another number.",false,
511,128,"Exponentiation in Python is performed using the '**' operator, which raises a number to the power of another number.",true,
512,128,"Exponentiation in Python is performed using the 'exp()' function, which raises a number to the power of another number.",false,
513,129,Values are assigned to names using the 'assign' keyword in Python.,false,
514,129,Python uses the 'let' keyword to assign values to names.,false,
515,129,"In Python, values are assigned to names using colons and expressions.",false,
516,129,"In Python, values are assigned to names using an assignment statement, which consists of a name followed by an equals sign and an expression.",true,
517,130,The name is removed from memory if the expression's value changes.,false,
518,130,The name becomes undefined if the expression's value changes.,false,
519,130,"The value of an expression assigned to a name is the one evaluated at the time of assignment. If the value changes later, the previously assigned name does not automatically update.",true,
520,130,The name automatically updates to reflect the new value of the expression.,false,
521,131,Names in Python can start with numbers and can contain special characters like @ or #.,false,
522,131,Python names can start with any symbol but must not contain letters or numbers.,false,
523,131,"Python names can have spaces, but they must always start with an underscore.",false,
524,131,Names in Python must start with a letter but can contain both letters and numbers and cannot contain spaces. Underscores are commonly used to represent spaces.,true,
525,132,Choosing clear and descriptive names for variables in Python is important for code readability and understanding.,true,
526,132,It helps the Python interpreter understand the code better.,false,
527,132,It ensures that the code uses less memory.,false,
528,132,It makes the code run faster.,false,
529,133,Meaningful variable names enhance code readability by reducing the need for comments.,false,
530,133,Meaningful variable names enhance code readability by clarifying the purpose of diverse quantities.,true,
531,133,Meaningful variable names enhance code readability by making the code run faster.,false,
532,133,Meaningful variable names enhance code readability by using complex algorithms.,false,
533,134,Using descriptive names like 'sales_tax' instead of generic names like 'a' or 'b' helps in understanding code logic.,true,
534,134,Descriptive names reduce the length of the code significantly.,false,
535,134,Using names like 'sales_tax' is necessary for code to compile.,false,
536,134,Descriptive names make the code run faster.,false,
537,135,Descriptive names make the calculation process longer and more complicated.,false,
538,135,Using descriptive names increases the likelihood of calculation errors.,false,
539,135,Descriptive names are less common in professional tax calculation scenarios.,false,
540,135,"In the example given, descriptive names can illustrate the concept of calculating sales tax more effectively than non-descriptive names.",true,
541,136,They reduce the overall execution time of the code.,false,
542,136,They increase the compilation speed of the program.,false,
543,136,Clear naming conventions are essential in programming to convey the intent and significance of variables.,true,
544,136,They help in securing the code against vulnerabilities.,false,
545,137,A decay rate expresses the relationship by multiplying the initial amount by time and dividing by the changed amount.,false,
546,137,A ratio expresses the relationship by dividing one quantity by another without considering time.,false,
547,137,"A growth rate expresses the relationship between two measurements of the same quantity taken at different times, typically by dividing the difference between the changed and initial amounts by the initial amount.",true,
548,137,An absolute difference expresses the relationship by subtracting the initial amount from the changed amount.,false,
549,138,An average of the two values is used as it provides a balanced view of the period.,false,
550,138,"When calculating growth rates, it is common to use the earlier value as the initial amount since it represents the starting point over time.",true,
551,138,A fixed arbitrary value can be used as the starting amount for simplification purposes.,false,
552,138,The later value is often used as the initial amount because it shows the end point of the calculation period.,false,
553,139,Adding the two amounts and then dividing by the initial amount.,false,
554,139,Dividing the changed amount by two and subtracting from the initial amount.,false,
555,139,"Subtracting one from the ratio of the changed amount to the initial amount yields the same growth rate value, providing an alternative way to express it.",true,
556,139,Multiplying the difference between the changed and initial amounts by the initial amount.,false,
557,140,Growth rates are affected by the choice of measurement units used.,false,
558,140,Growth rates remain consistent even if the measurements are expressed in different units.,true,
559,140,Growth rates decrease if the measurements are converted to smaller units.,false,
560,140,Growth rates increase if the measurements are expressed in larger units.,false,
561,141,It indicates an increase in industry expansion.,false,
562,141,It shows a stabilization in employment rates.,false,
563,141,"It indicates a decrease, such as the decline in manufacturing jobs by 22.2% from 2002 to 2012.",true,
564,141,It means the economy is stagnant without changes.,false,
565,142,An annual growth rate is the rate at which a quantity grows over a single year.,true,
566,142,An annual growth rate is the average amount a quantity decreases each month.,false,
567,142,An annual growth rate is the total increase in a quantity over five years.,false,
568,142,An annual growth rate is the rate at which a quantity fluctuates during the year.,false,
569,143,"An annual growth rate compounded over a period, such as 0.035 over 10 years, results in a much larger overall growth rate, like 0.41 over ten years.",true,
570,143,An annual growth rate compounded over a period results in the same growth rate regardless of the time period.,false,
571,143,"An annual growth rate compounded over a period, such as 0.035 over 10 years, results in a smaller overall growth rate, like 0.03 over ten years.",false,
572,143,An annual growth rate compounded over a period makes no significant difference to the overall growth rate.,false,
573,144,A growth rate is used to compare different quantities without a time component.,false,
574,144,A growth rate is used to describe the absolute increase of an amount without regard to time.,false,
575,144,A growth rate is used to determine the lifespan of a particular product in the market.,false,
576,144,A growth rate is used to describe the relative size of an initial amount compared to a changed amount after a certain period of time.,true,
577,145,"The equivalent annual growth rate over a period can be computed by dividing the ending value by the starting value, then taking the nth root over the period.",false,
578,145,The equivalent annual growth rate over a period can be computed by taking the average of each year's growth rates.,false,
579,145,The equivalent annual growth rate over a period can be computed by applying the growth rate repeatedly using exponentiation.,true,
580,145,The equivalent annual growth rate over a period can be computed by subtracting the starting value from the ending value and dividing by the number of years.,false,
581,146,"To compute the annual growth rate, multiply the total growth by the number of years and subtract one.",false,
582,146,"To compute the annual growth rate g from total growth over t years, raise the total growth to the power of 1/t and subtract one.",true,
583,146,"To compute the annual growth rate, subtract the total growth from the number of years and divide by the total growth.",false,
584,146,"To compute the annual growth rate, add one to the total growth and divide by the number of years.",false,
585,147,A ten-year growth can be expressed as an equivalent annual growth rate by subtracting the initial value from the final value and dividing by ten.,false,
586,147,"A ten-year growth can be expressed as an equivalent annual growth rate by using an exponent, where t represents the number of years.",true,
587,147,A ten-year growth can be expressed as an equivalent annual growth rate by using the arithmetic mean of growth each year.,false,
588,147,A ten-year growth can be expressed as an equivalent annual growth rate by simply dividing by ten.,false,
589,148,"Exponential growth involves applying a growth rate multiple times over a period, reflected in the formula (initial * (1 + g)^t).",true,
590,148,Exponential growth refers to a linear increase calculated by (initial * g * t).,false,
591,148,"Exponential growth uses a constant rate added each period, as shown in the formula (initial + g*t).",false,
592,148,Exponential growth is depicted by the formula (initial * (1 + g) * t) indicating consistent multiplication each time.,false,
593,149,Call expressions are used to declare a new class or type.,false,
594,149,Call expressions are used to comment code for documentation purposes.,false,
595,149,Call expressions are used to define a variable by associating a name with a value.,false,
596,149,"Call expressions are used to invoke functions, with the function name followed by expressions in parentheses.",true,
597,150,The max function calculates the average of the arguments provided.,false,
598,150,The max function sorts the arguments in ascending order.,false,
599,150,The max function returns the minimum value among the arguments provided.,false,
600,150,The max function can take any number of arguments and returns the maximum value among them.,true,
601,151,"Basic functions like abs and round are available by default in Python, whereas most built-in functions are accessed through modules.",true,
602,151,"Basic functions like abs and round require importing specific modules, unlike other built-in functions.",false,
603,151,Basic functions like abs and round are only available in older versions of Python.,false,
604,151,"Basic functions like abs and round can only be used in Python scripts, not in interactive mode.",false,
605,152,"An import statement is used to access functions from modules, such as math or operator.",true,
606,152,Modules are accessed automatically without any import statement.,false,
607,152,Functions in modules can be accessed using the load function.,false,
608,152,Functions from modules are accessed with the module function command.,false,
609,153,Operators and call expressions are used only for conditional checks.,false,
610,153,Operators and call expressions can be combined in expressions to perform various operations.,true,
611,153,"Operators are used for mathematical calculations, while call expressions are unrelated.",false,
612,153,"Expressions can only contain either operators or call expressions, but not both.",false,
613,154,"Percent difference is 100 times the absolute value of the difference between two values, divided by their average.",true,
614,154,Percent difference is 100 times the sum of two values divided by their difference.,false,
615,154,Percent difference measures the relative change between two values by dividing their total by their difference.,false,
616,154,Percent difference is calculated by subtracting one value from another and dividing by the first value.,false,
617,155,"In cases where the difference between two values is larger than their average, the percent difference will be greater than 100.",true,
618,155,The percent difference becomes less than 100.,false,
619,155,The percent difference will always be exactly 100.,false,
620,155,The percent difference will be negative.,false,
621,156,Jupyter notebooks visually represent the structure of code without user input.,false,
622,156,Jupyter notebooks automatically correct syntax errors in functions.,false,
623,156,Jupyter notebooks can help users remember the names and effects of different functions in a programming language.,true,
624,156,Jupyter notebooks provide real-time feedback on incorrect function usage.,false,
625,156,Jupyter notebooks automatically generate code for any function in a programming language.,false,
626,157,Pressing the tab key in a Jupyter notebook saves the current notebook.,false,
627,157,Pressing the tab key in a Jupyter notebook after typing the beginning of a name provides a list of possible name completions.,true,
628,157,Pressing the tab key in a Jupyter notebook inserts a new code cell below.,false,
629,157,Pressing the tab key in a Jupyter notebook automatically runs the code cell.,false,
630,158,Tab completion allows users to automatically complete functions after typing the entire function name.,false,
631,158,"Using tab completion in Jupyter notebooks can help find available functions in a module, such as functions in the math module.",true,
632,158,Using tab completion in Jupyter notebooks can automatically execute the functions in a module.,false,
633,158,Tab completion in Jupyter notebooks can generate code snippets for complex functions.,false,
634,159,It renames the function for use in other blocks.,false,
635,159,It executes the function and returns the output.,false,
636,159,It comments out the function in the script.,false,
637,159,Using a question mark (?) after a function name in Python provides a description of that function.,true,
638,160,It provides a list of functions related to the one queried.,false,
639,160,It shows the history of changes made to the function.,false,
640,160,It allows users to execute the function with default parameters.,false,
641,160,"Placing a question mark after a function, such as math.log?, can help users learn more about the specific function's usage and parameters.",true,
642,161,The math module in Python is exclusively used for handling file operations.,false,
643,161,"The math module in Python includes many functions, but only a few are commonly used in data science.",true,
644,161,The math module in Python is primarily used for handling network communications.,false,
645,161,The math module in Python is mainly used to manipulate strings.,false,
646,162,It's more beneficial to learn the use of essential functions in their context rather than attempting to memorize them.,true,
647,162,It's more beneficial to avoid essential functions completely to focus more on basics.,false,
648,162,It's more beneficial to focus solely on theory without applying functions in practice.,false,
649,162,It's more beneficial to memorize as many functions as possible even if you don't understand their context.,false,
650,163,Graphs are a fundamental way of representing data sets in Python.,false,
651,163,Objects are a fundamental way of representing data sets in Python.,false,
652,163,Lists are a fundamental way of representing data sets in Python.,false,
653,163,Tables are a fundamental way of representing data sets in Python.,true,
654,164,A table consists solely of a single row of aggregated values.,false,
655,164,"A table can be viewed as either a sequence of named columns describing attributes, or a sequence of rows containing individual information.",true,
656,164,A table is purely a collection of data with no specific structure.,false,
657,164,A table is defined only by its visual appearance.,false,
658,165,"In a table, each row corresponds to a single individual entry with all its associated information.",true,
659,165,"In a table, each row corresponds to a summary of all data entries.",false,
660,165,"In a table, each row corresponds to the column titles.",false,
661,165,"In a table, each row corresponds to a formula calculation.",false,
662,166,Each column in a table contains random numbers generated for testing.,false,
663,166,Each column in a table contains identical data repeated across all rows.,false,
664,166,Each column in a table contains data from multiple unrelated data sets.,false,
665,166,Each column in a table contains data related to a specific attribute of the data set.,true,
666,167,Each column in a table is identified by numbers and contains different kinds of values.,false,
667,167,Each column in a table has a label and may contain varying types of data entry.,false,
668,167,Each column in a table has a label and contains entries of the same kind.,true,
669,167,Each column in a table has a unique identifier and contains mixed types of data.,false,
670,168,A table method is a standalone function that does not interact directly with table data.,false,
671,168,A table method is used to create tables from scratch without any predefined structure.,false,
672,168,A table method operates on a table and is used in the form nameoftable.method(arguments).,true,
673,168,A table method changes the properties of a table without using any arguments.,false,
674,169,"The show method only displays the first row of the table, ignoring the number requested.",false,
675,169,The show method displays a specified number of rows and automatically prints column headers.,false,
676,169,The show method displays all rows from a table regardless of the specified number.,false,
677,169,"The show method displays a specified number of rows from a table, but it will show only up to six rows even if a higher number is requested.",true,
678,170,"The select method creates a new table containing only the columns specified, leaving the original table unchanged.",true,
679,170,The select method modifies the original table to only keep the specified columns.,false,
680,170,The select method deletes rows from the original table that do not have the specified columns.,false,
681,170,The select method combines multiple tables into one based on specified columns.,false,
682,171,You can select multiple columns by repeating the select method for each column.,false,
683,171,You can select multiple columns by using the select method and joining column labels with hyphens.,false,
684,171,You can select multiple columns in a table by using the select method and separating column labels with commas.,true,
685,171,You can select multiple columns by listing each column name inside a single pair of square brackets.,false,
686,172,"The drop method creates a smaller table by removing specified columns, leaving the original table unchanged.",true,
687,172,The drop method deletes the entire table from the database.,false,
688,172,The drop method changes the data types of specified columns.,false,
689,172,The drop method adds new columns to the table for additional data.,false,
690,173,Sorting rows involves deleting duplicate entries without altering their order.,false,
691,173,"Sorting rows involves arranging them in ascending order based on values in a specified column, using the sort method.",true,
692,173,Sorting rows involves hiding columns that are not needed for data analysis.,false,
693,173,Sorting rows involves randomly shuffling them without considering any column values.,false,
694,174,The sort method sorts in descending order by reversing the result of a typical sort.,false,
695,174,The sort method uses a boolean argument 'reverse' set to true to sort in descending order.,false,
696,174,The sort method can sort in descending order by using an optional argument named descendingTrue.,true,
697,174,"To sort in descending order, the sort method needs to be followed by the reverse method.",false,
698,175,Optional arguments allow you to modify the default behavior of methods like sort without being mandatory to use.,true,
699,175,Optional arguments limit the sort method to sorting numbers only.,false,
700,175,Optional arguments automatically select the fastest algorithm for sorting.,false,
701,175,Optional arguments are always required to use methods like sort.,false,
702,176,Both select and drop methods enable you to combine multiple tables into one.,false,
703,176,Both select and drop methods allow you to rename columns in a table.,false,
704,176,"Both select and drop methods enable the creation of smaller tables from a larger one, without affecting the original.",true,
705,176,Both select and drop methods allow you to permanently delete data from a table.,false,
706,177,The where method creates a new table consisting only of the rows that satisfy a specified condition.,true,
707,177,The where method returns a boolean indicating if any row matched the condition.,false,
708,177,The where method deletes all rows that do not satisfy the condition from the original table.,false,
709,177,The where method creates a new column containing calculated values based on the condition.,false,
710,178,The where method requires two arguments: the name of the table and the new data to insert.,false,
711,178,The where method requires two arguments: the path to the file and the delimiter to use.,false,
712,178,The where method requires two arguments: the label of the column and the value to look for in that column.,true,
713,178,The where method requires two arguments: the index of the row and the value to replace.,false,
714,179,"The where method can be used for complex conditions, but the call will be more complicated.",true,
715,179,The where method cannot be used for complex conditions at all.,false,
716,179,The where method is only applicable to simple conditions.,false,
717,179,The where method simplifies complex conditions automatically.,false,
718,180,The where method automatically finds approximate values.,false,
719,180,Providing a similar value allows for greater flexibility in searches.,false,
720,180,Exact values are only needed when using multiple conditions.,false,
721,180,It is important to provide the exact value when using the where method for it to work correctly.,true,
722,181,Case differences do not affect the where method; it always finds matching rows.,false,
723,181,Using different cases in values will cause the where method to return duplicates of matching rows.,false,
724,181,The where method automatically converts all values to lowercase to find matching rows.,false,
725,181,"Using a different case in the value (e.g., 'Chocolate' vs. 'chocolate') affects the where method's ability to find matching rows.",true,
726,182,The 'where' method modifies the table by adding a new column.,false,
727,182,The 'where' method is used to filter tables based on specific conditions and does not alter the original table.,true,
728,182,The 'where' method is used to sort tables in ascending order.,false,
729,182,The 'where' method combines multiple tables into one.,false,
730,183,"By default, tables display the first 5 lines, using the displayMore method to adjust.",false,
731,183,"Tables show the complete data set by default, adjusted with the adjustLines function.",false,
732,183,"Tables display all lines by default, with an option to limit them using the hide method.",false,
733,183,"By default, tables display the first 10 lines, but you can use the show method to display more or fewer lines.",true,
734,184,Using show with no argument will display an empty table.,false,
735,184,Using show with no argument will display the first row of the table.,false,
736,184,Using show with no argument will display the entire table.,true,
737,184,Using show with no argument will display only the column headers.,false,
738,185,"Every value in Python has a specific variable name, which can be identified using the builtin type function.",false,
739,185,"Every value in Python has a specific type, which can be identified using the builtin type function.",true,
740,185,"Every value in Python has a specific memory address, which can be identified using the builtin type function.",false,
741,185,"Every value in Python has a specific size, which can be identified using the builtin type function.",false,
742,186,The type function in Python returns the memory address of an object.,false,
743,186,The type function in Python returns the type of any expression.,true,
744,186,The type function in Python returns the value of an expression.,false,
745,186,The type function in Python returns the size of a data type.,false,
746,187,Builtin functions are described using the keyword 'corefunction' in Python.,false,
747,187,"In Python, builtin functions are indicated with the prefix 'nativefunction'.",false,
748,187,"Builtin functions are one type of data introduced in Python, and they are indicated as a builtinfunctionormethod.",true,
749,187,Builtin functions are indicated as builtinmethod or staticmethod in Python.,false,
750,188,Python distinguishes between rational numbers and irrational numbers.,false,
751,188,Python distinguishes between two types of numbers: integers and real numbers.,true,
752,188,Python distinguishes between natural numbers and whole numbers.,false,
753,188,Python distinguishes between integers and complex numbers.,false,
754,189,Int values in Python can store text and numeric data.,false,
755,189,"Integers, referred to as 'int' values in Python, can only represent whole numbers without fractional components.",true,
756,189,Int values are used to handle complex numbers in Python.,false,
757,189,Integers in Python can represent both whole numbers and decimals.,false,
758,190,Real numbers in Python are represented as integers.,false,
759,190,Real numbers in Python are represented as strings.,false,
760,190,Real numbers in Python are stored as complex numbers.,false,
761,190,"Real numbers in Python, known as 'float' or floating point values, can represent both whole and fractional numbers.",true,
762,191,"The type of a number in Python is always float, regardless of the display.",false,
763,191,"The type of a number is identified by its display: integers have no decimal point, while floats have a decimal point.",true,
764,191,Numbers with a leading zero are always floats in Python.,false,
765,191,"The type of a number is identified by its display: integers have a decimal point, while floats do not.",false,
766,192,"When a float is combined with an int, the result is always an int.",false,
767,192,"When a float is combined with an int using an arithmetic operator, the result is always a float.",true,
768,192,The operation will result in an error if you mix a float with an int.,false,
769,192,"The result can be either a float or an int, depending on the operation.",false,
770,193,"The combination of two integers can result in a float, while division always results in an integer.",false,
771,193,"Combining two integers always results in a float, and division yields another integer only if evenly divisible.",false,
772,193,"When two integers are combined, the result is another integer, but dividing any number by another always results in a float.",true,
773,193,"When two integers are combined, the result is always a float, and division of integers results in another integer.",false,
774,194,"Float values are only for whole numbers, not large or small decimal values.",false,
775,194,Float values use integer notation to handle very large or small numbers.,false,
776,194,Float values cannot represent very large or very small numbers.,false,
777,194,Float values can display very large or very small numbers using scientific notation.,true,
778,195,The type function in Python adds two numbers and returns their combined value.,false,
779,195,"The type function in Python can be used to determine the type of any number or expression, and it evaluates to the type of the final value.",true,
780,195,The type function in Python converts a number to a string representation.,false,
781,195,The type function in Python changes a number to a floating point.,false,
782,196,"Float values in Python represent numbers with up to 17 or 18 significant digits, after which precision is lost.",false,
783,196,"Float values in Python represent numbers with up to 10 or 11 significant digits, after which precision is lost.",false,
784,196,"Float values in Python represent numbers with up to 15 or 16 significant digits, after which precision is lost.",true,
785,196,"Float values in Python represent numbers with up to 12 or 13 significant digits, after which precision is lost.",false,
786,197,The type function in Python shows both the type of a name and its assigned value.,false,
787,197,"Names in Python are evaluated to their assigned values, so the type function will not show the type of a name.",true,
788,197,"Names in Python cannot be evaluated, and the type function is always accurate for names.",false,
789,197,"Names in Python are evaluated independently of their assigned values, and the type function shows the type of a name.",false,
790,198,The computation is repeated with smaller numbers to avoid overflow.,false,
791,198,The computation stops and reports an error.,false,
792,198,The system automatically rounds it to the nearest integer.,false,
793,198,"When a computation results in a very large number, it is represented as infinite due to limitations in numerical representation.",true,
794,199,Very small numbers are stored in an alternate data type to avoid computational limits.,false,
795,199,Very small numbers are automatically rounded up to the nearest integer.,false,
796,199,Very small numbers can always be accurately represented without any issue.,false,
797,199,"Computation of very small numbers can be limited, causing them to be represented as zero.",true,
798,200,Numbers with more than 15 significant digits may have those extra digits discarded before arithmetic computations.,true,
799,200,Numbers with more than 15 significant digits are converted into scientific notation for easier computation.,false,
800,200,Numbers with more than 15 significant digits are rounded up automatically to the nearest value.,false,
801,200,Numbers with more than 15 significant digits are stored exactly as they are without any change.,false,
802,201,The calculation could result in a division by zero error.,false,
803,201,The expressions could lead to an overflow error in computation.,false,
804,201,Taking the difference between two mathematically equivalent expressions can result in a small error due to numerical limitations.,true,
805,201,"The expressions might become non-equivalent, causing a large error.",false,
806,202,"Squaring the square root of 2 does not exactly recover 2, illustrating small errors that can occur in numerical computations.",true,
807,202,Squaring the square root of 2 simplifies calculations and is always accurate.,false,
808,202,Squaring the square root of 2 always results in rounding down to the nearest integer.,false,
809,202,Squaring the square root of 2 provides an exact value of 3.14 in some cases.,false,
810,203,"In floating-point arithmetic, numbers may not always be exact but are reliable across different platforms.",true,
811,203,Floating-point arithmetic guarantees exact numbers and reliability across platforms.,false,
812,203,"Numbers in floating-point arithmetic are always exact, but not reliable across different platforms.",false,
813,203,Floating-point numbers are neither exact nor reliable across different platforms.,false,
814,204,Floating-point behavior is consistent because it is documented in a universally adopted textbook.,false,
815,204,Floating-point behavior is consistent because it follows a standard method used in most programming languages.,true,
816,204,Floating-point behavior is consistent because all programming languages share the same compiler.,false,
817,204,Floating-point behavior is consistent because it is implemented in hardware the same way everywhere.,false,
818,205,Scientific notation in computing guarantees the accuracy of all decimal places.,false,
819,205,Scientific notation in computing can cause differences in how significant digits appear.,true,
820,205,Scientific notation in computing eliminates rounding errors completely.,false,
821,205,Scientific notation in computing always preserves the exact number of significant digits.,false,
822,206,Floating-point arithmetic is determined by the hardware exclusively.,false,
823,206,"Floating-point arithmetic is designed to be the same across different computers and programming languages, ensuring consistency.",true,
824,206,Floating-point arithmetic varies significantly between different programming languages.,false,
825,206,Floating-point arithmetic depends entirely on the operating system used.,false,
826,207,A string is a method of executing multiple processes concurrently.,false,
827,207,"A string is a piece of text represented in a computer, which can include elements like words, sentences, numbers, or truth values.",true,
828,207,A string is a data type that signifies the logical structure of a database.,false,
829,207,A string is a binary sequence used for encryption purposes.,false,
830,208,"When two strings are added together, they are converted into numbers and summed.",false,
831,208,"When two strings are added together, their lengths are added.",false,
832,208,"When two strings are added together, they are concatenated to form a new string without any automatic separator like a space.",true,
833,208,"When two strings are added together, they form a list of characters.",false,
834,209,"Both single quotes and double quotes can be used to create strings, and 'hi' and ""hi"" are considered the same string.",true,
835,209,"Only double quotes can be used to create strings, while single quotes are used for comments.",false,
836,209,Single quotes and double quotes can't be mixed within a single string.,false,
837,209,Single quotes are used for strings and double quotes are used for characters.,false,
838,210,"The meaning of an expression in programming depends on its structure and the types of values being combined, such as in the case of string addition.",true,
839,210,An expression's meaning is determined by the speed at which the programming language executes it.,false,
840,210,"Expressions derive meaning solely from the hardware they run on, regardless of their structure.",false,
841,210,The meaning of an expression is largely defined by the comments written around it.,false,
842,211,Strings can store only binary data and are unsuitable for representing textual information.,false,
843,211,Strings can only represent single characters and are not suitable for complex data.,false,
844,211,"Strings can represent complex data, such as the entire contents of a library's books, by storing sequences of characters.",true,
845,211,Strings are used primarily for numerical computations and therefore cannot represent complex data.,false,
846,212,Double quotes are preferred because they are more visible than single quotes.,false,
847,212,Double quotes are often preferred for string literals because they allow the inclusion of apostrophes without causing syntax errors.,true,
848,212,Double quotes are often preferred because they make the code run faster.,false,
849,212,Double quotes are preferred because they take up less memory than single quotes.,false,
850,213,The str function in Python converts any value to its string representation.,true,
851,213,The str function in Python converts a string to an integer.,false,
852,213,The str function in Python returns the length of a string.,false,
853,213,The str function in Python creates a list of characters from a string.,false,
854,214,Using double quotes prevents all types of syntax errors in any code.,false,
855,214,Using double quotes around string literals prevents syntactical issues when the string contains apostrophes.,true,
856,214,Double quotes improve the performance of string operations.,false,
857,214,Double quotes make strings immutable in memory.,false,
858,215,The str function is useful when you want to modify a string's length by padding.,false,
859,215,The str function is useful when you want to convert a string to a number.,false,
860,215,The str function is useful when you need to find a substring within a string.,false,
861,215,The str function is useful when you need to construct strings that include various embedded values.,true,
862,216,String methods are special operators used to concatenate strings and are invoked using parentheses.,false,
863,216,String methods are global functions for strings accessed without any special syntax.,false,
864,216,String methods are functions that operate on strings and are called by placing a dot after a string followed by the method name.,true,
865,216,String methods are attributes of a string object and accessed using square brackets.,false,
866,217,"The 'replace' method checks for substring presence and returns a boolean, requiring no arguments.",false,
867,217,The 'replace' method removes all whitespace from a string and requires a single boolean argument.,false,
868,217,The 'replace' method is used to replace all instances of a specified substring within a string and requires two arguments: the substring to be replaced and the replacement string.,true,
869,217,"The 'replace' method modifies the original string by appending another string to it, requiring only one argument.",false,
870,218,"String methods can be used on variables that are bound to string values, not just directly on string literals.",true,
871,218,String methods can be used exclusively on numeric values.,false,
872,218,"String methods can be used on any type of variable, regardless of its content.",false,
873,218,String methods can only be used directly on string literals.,false,
874,219,The string method alters a copy of the original string in place.,false,
875,219,The original string is permanently changed.,false,
876,219,The original string and the new string coexist in memory permanently.,false,
877,219,"Invoking a string method does not alter the original string; instead, it returns a new string with the changes applied.",true,
878,220,"In Python, a method is a special type of variable that stores data.",false,
879,220,"In Python, a method is a built-in feature of the programming language for data storage.",false,
880,220,"In Python, a method is a standalone function that operates independently of any object.",false,
881,220,"In Python, a method is a function that is associated with an object.",true,
882,221,"No, methods apply only to numerical and string objects in Python.",false,
883,221,"Yes, only string objects have methods in Python.",false,
884,221,Methods are only applicable to immutable objects in Python.,false,
885,221,Methods are not unique to string objects; other types of objects in Python can also have methods.,true,
886,222,The string 'ingrain' is an example of a string value assigned to an object.,true,
887,222,The boolean true is an example of a string value assigned to an object.,false,
888,222,The number 42 is an example of a string value assigned to an object.,false,
889,222,"The array [1, 2, 3] is an example of a string value assigned to an object.",false,
890,223,Understanding how to use methods is fundamental because they make Python code run faster.,false,
891,223,Understanding how to use methods is fundamental because they allow Python to automatically update.,false,
892,223,"Understanding how to use methods is fundamental because they apply to many different types of objects in Python, not just strings.",true,
893,223,Understanding how to use methods is fundamental because they only apply to string objects in Python.,false,
894,224,Boolean values in Python often result from syntax errors in the code.,false,
895,224,"Boolean values in Python often result from the use of comparison operators, indicating whether a comparison is valid.",true,
896,224,Boolean values in Python often result from the assignment of string values.,false,
897,224,Boolean values in Python often result from arithmetic operations like addition and subtraction.,false,
898,225,"Comparison operators in Python include increment (++), decrement (--), multiply and assign (*=), and bitwise or (|=).",false,
899,225,"Comparison operators in Python include logical AND (and), logical OR (or), logical NOT (not), and XOR (^).",false,
900,225,"Comparison operators in Python include plus (+), minus (-), multiply (*), and divide (/).",false,
901,225,"Comparison operators in Python include less than (<), greater than (>), less than or equal (<=), greater than or equal (>=), equal (==), and not equal (!=).",true,
902,226,An expression with multiple comparisons is True if none of the comparisons evaluate to False.,false,
903,226,An expression with multiple comparisons is True if comparisons occur in an odd number of instances.,false,
904,226,An expression with multiple comparisons is True only if all individual comparisons evaluate to True.,true,
905,226,An expression with multiple comparisons is True if at least one comparison evaluates to True.,false,
906,227,"The expression '2 < 3' will evaluate to True, while '2 < 2' will be False because it is not true that 2 is less than 2.",true,
907,227,The expression '2 < 3' will evaluate to True for both because less than means 'fewer or equal'.,false,
908,227,"The expression '2 < 3' will evaluate to False, while '2 < 2' will also be False because less than only applies to unequal numbers.",false,
909,227,"The expression '2 < 3' will evaluate to False, while '2 < 2' will be True because it is true that 2 is equal to 2.",false,
910,228,"In Python, operators like '==' check if two values are equal, and '!=' checks if they are not equal.",true,
911,228,"In Python, operators like '==' are used to assign values, and '!=' is used to negate values.",false,
912,228,"In Python, operators like '==' check if two values are identical objects, and '!=' checks if they are not identical objects.",false,
913,228,"In Python, operators like '==' check if two values are both numeric, and '!=' checks if they are both strings.",false,
914,229,Numbers in numerical comparisons are equal unless otherwise stated.,false,
915,229,"In numerical comparisons, the difference between two numbers determines which is less.",false,
916,229,"In numerical comparisons, a smaller number is considered less than a larger number.",true,
917,229,A larger number is considered less than a smaller number.,false,
918,230,"For strings, comparison is done using string length.",false,
919,230,"For strings, comparison is alphabetical, similar to the order in a dictionary.",true,
920,230,"For strings, comparison is conducted based on the frequency of vowels.",false,
921,230,"For strings, comparison is done numerically based on character ASCII values.",false,
922,231,A shorter string is considered less than a longer string if the longer string begins with the shorter string.,true,
923,231,A shorter string is considered equal to a longer string if they share the same first letter.,false,
924,231,A shorter string is always considered greater than a longer string.,false,
925,231,A shorter string is considered greater than a longer string if it contains more vowels.,false,
926,232,By consulting a mathematical table and cross-referencing the values.,false,
927,232,Simply assuming the relationship holds true for all possible values.,false,
928,232,Using a computer algorithm to predict outcomes instantaneously.,false,
929,232,"To verify numerical comparison, one can substitute different values of x and y and observe the relationship.",true,